period,model,train_rows,test_rows,MAE,RMSE,median_absolute_error,bias
2025-08,core_15,33718,4759,90.56050996382507,613.0775385185035,27.97403123209301,-8.719928530375185
2025-08,core_31,33718,4759,89.09696373764501,612.9535811202607,26.715838847079795,-8.461622418042626
2025-08,median_rate_baseline,33718,4759,260.52348094384564,673.9638994294372,132.86595646711703,89.06471891295887
2025-09,core_15,38477,4670,108.05277985781706,617.697173799508,35.93308294321355,-73.631836545756
2025-09,core_31,38477,4670,108.96863198712843,617.7271252107463,36.66741466991857,-75.22931537539085
2025-09,median_rate_baseline,38477,4670,260.8320706457734,673.3032643428515,145.55665175857587,44.96245309581273
2025-09,signals_sensitivity,38477,4670,114.36720112709591,619.6889585589638,41.84829412077454,-88.72298390696581
2025-10,core_31,43147,4853,114.35311024696131,649.7326198301298,36.79780167087665,-46.49014678675095
2025-10,median_rate_baseline,43147,4853,253.84794914953068,695.0468801668737,132.82360728744936,33.74713705033265
